{"cameraMode":{"drawMode":0,"name":"Shaded","section":"Shading Mode"},"sceneLighting":false,"audioPlay":false,"sceneViewState":{"m_AlwaysRefresh":false,"showFog":true,"showSkybox":true,"showFlares":true,"showImageEffects":true,"showParticleSystems":true,"showVisualEffectGraphs":true,"m_FxEnabled":false},"in2DMode":false,"pivot":{"x":31.867263793945314,"y":17.170574188232423,"z":73.5084228515625},"rotation":{"x":-0.02447938360273838,"y":-0.23024849593639375,"z":-0.005985170602798462,"w":0.9729141592979431},"size":53.78742218017578,"orthographic":false}