{"cameraMode":{"drawMode":0,"name":"Shaded","section":"Shading Mode"},"sceneLighting":false,"audioPlay":false,"sceneViewState":{"m_AlwaysRefresh":false,"showFog":true,"showSkybox":true,"showFlares":true,"showImageEffects":true,"showParticleSystems":true,"showVisualEffectGraphs":true,"m_FxEnabled":false},"in2DMode":false,"pivot":{"x":-43.808815002441409,"y":-35.749263763427737,"z":82.81239318847656},"rotation":{"x":0.19683560729026795,"y":-0.16590237617492677,"z":0.03370504453778267,"w":0.9659276604652405},"size":63.859535217285159,"orthographic":false}